[
  {
    "user_name": "Susan Taylor",
    "mobile": "13522753638",
    "money": 64.39,
    "level": 33,
    "birth": "2000-09-05 21:35:04",
    "address": "湖北省 宜昌市 五峰土家族自治县"
  },
  {
    "user_name": "Mary Young",
    "mobile": "13566453452",
    "money": 85.12,
    "level": 12,
    "birth": "1981-10-29 02:06:00",
    "address": "海南省 三沙市 西沙群岛"
  },
  {
    "user_name": "Daniel Thompson",
    "mobile": "13567215256",
    "money": 13.27,
    "level": 38,
    "birth": "1984-08-13 13:01:38",
    "address": "广西壮族自治区 贵港市 平南县"
  },
  {
    "user_name": "George Gonzalez",
    "mobile": "13523578785",
    "money": 26.55,
    "level": 14,
    "birth": "1973-10-02 21:59:38",
    "address": "海南省 三沙市 南沙群岛"
  },
  {
    "user_name": "Margaret Moore",
    "mobile": "13254719244",
    "money": 27.31,
    "level": 60,
    "birth": "1994-01-02 16:05:04",
    "address": "河南省 鹤壁市 淇县"
  },
  {
    "user_name": "Deborah Thompson",
    "mobile": "13226324766",
    "money": 18.83,
    "level": 105,
    "birth": "1989-08-18 01:46:09",
    "address": "吉林省 白山市 浑江区"
  },
  {
    "user_name": "Deborah Lopez",
    "mobile": "13587502385",
    "money": 51.55,
    "level": 81,
    "birth": "2014-05-16 22:27:12",
    "address": "甘肃省 陇南市 武都区"
  },
  {
    "user_name": "Scott Jackson",
    "mobile": "13240535223",
    "money": 14.14,
    "level": 118,
    "birth": "2004-06-25 19:41:16",
    "address": "甘肃省 张掖市 临泽县"
  },
  {
    "user_name": "Laura Thomas",
    "mobile": "13272140247",
    "money": 73.52,
    "level": 53,
    "birth": "1977-06-28 15:09:04",
    "address": "山西省 朔州市 应县"
  },
  {
    "user_name": "Paul Smith",
    "mobile": "13249118987",
    "money": 72.93,
    "level": 68,
    "birth": "2021-05-15 15:16:20",
    "address": "天津 天津市 津南区"
  },
  {
    "user_name": "Jose Williams",
    "mobile": "13266124758",
    "money": 96.17,
    "level": 16,
    "birth": "2007-01-09 04:00:28",
    "address": "内蒙古自治区 锡林郭勒盟 多伦县"
  },
  {
    "user_name": "Sandra Martinez",
    "mobile": "13535176636",
    "money": 10.39,
    "level": 35,
    "birth": "1994-08-20 02:57:13",
    "address": "吉林省 四平市 梨树县"
  },
  {
    "user_name": "Cynthia Jones",
    "mobile": "18984676841",
    "money": 2.07,
    "level": 20,
    "birth": "1990-01-14 03:54:21",
    "address": "青海省 海南藏族自治州 共和县"
  },
  {
    "user_name": "Carol Miller",
    "mobile": "18941255875",
    "money": 50.65,
    "level": 43,
    "birth": "2013-06-25 15:30:17",
    "address": "四川省 广元市 昭化区"
  },
  {
    "user_name": "Margaret Williams",
    "mobile": "18925698687",
    "money": 66.88,
    "level": 110,
    "birth": "2015-02-18 17:50:39",
    "address": "内蒙古自治区 包头市 土默特右旗"
  },
  {
    "user_name": "Anna Young",
    "mobile": "18943835542",
    "money": 2.63,
    "level": 8,
    "birth": "1995-02-28 20:18:27",
    "address": "湖北省 黄石市 下陆区"
  },
  {
    "user_name": "Jeffrey Miller",
    "mobile": "13513474457",
    "money": 7.77,
    "level": 78,
    "birth": "1998-05-31 18:24:30",
    "address": "上海 上海市 嘉定区"
  },
  {
    "user_name": "Maria Thompson",
    "mobile": "13590116800",
    "money": 13.26,
    "level": 102,
    "birth": "1991-08-29 14:57:57",
    "address": "黑龙江省 七台河市 勃利县"
  },
  {
    "user_name": "William Robinson",
    "mobile": "13264861414",
    "money": 2.88,
    "level": 79,
    "birth": "2006-02-10 02:13:20",
    "address": "辽宁省 大连市 沙河口区"
  },
  {
    "user_name": "Linda Martin",
    "mobile": "13513242815",
    "money": 44.76,
    "level": 51,
    "birth": "1988-12-08 04:51:40",
    "address": "湖南省 娄底市 双峰县"
  },
  {
    "user_name": "Michael Rodriguez",
    "mobile": "18966302346",
    "money": 70.58,
    "level": 101,
    "birth": "2018-06-12 11:33:55",
    "address": "浙江省 衢州市 江山市"
  },
  {
    "user_name": "Jessica Lopez",
    "mobile": "13521638363",
    "money": 15.21,
    "level": 85,
    "birth": "2023-08-29 15:00:08",
    "address": "黑龙江省 绥化市 海伦市"
  },
  {
    "user_name": "Carol Perez",
    "mobile": "13558959281",
    "money": 73.89,
    "level": 53,
    "birth": "1992-06-18 01:54:42",
    "address": "山东省 威海市 乳山市"
  },
  {
    "user_name": "Thomas Williams",
    "mobile": "13511804026",
    "money": 34.65,
    "level": 58,
    "birth": "1991-09-15 19:10:33",
    "address": "山西省 晋中市 寿阳县"
  },
  {
    "user_name": "Frank Clark",
    "mobile": "13256472368",
    "money": 3.14,
    "level": 106,
    "birth": "1989-06-08 15:44:34",
    "address": "湖南省 长沙市 长沙县"
  },
  {
    "user_name": "Kevin Young",
    "mobile": "13521742342",
    "money": 13.92,
    "level": 81,
    "birth": "1978-05-05 12:10:45",
    "address": "香港特别行政区 九龙 观塘区"
  },
  {
    "user_name": "Jessica Clark",
    "mobile": "18915164227",
    "money": 3.17,
    "level": 98,
    "birth": "2008-08-21 00:15:26",
    "address": "重庆 重庆市 大渡口区"
  },
  {
    "user_name": "Susan Thomas",
    "mobile": "13268911525",
    "money": 85.75,
    "level": 68,
    "birth": "1985-08-20 21:21:06",
    "address": "陕西省 渭南市 澄城县"
  },
  {
    "user_name": "Jose Robinson",
    "mobile": "13204706683",
    "money": 94.27,
    "level": 84,
    "birth": "2013-02-08 07:42:01",
    "address": "西藏自治区 那曲地区 安多县"
  },
  {
    "user_name": "Richard Williams",
    "mobile": "13528882332",
    "money": 33.43,
    "level": 106,
    "birth": "2010-12-03 01:16:39",
    "address": "广西壮族自治区 钦州市 钦北区"
  },
  {
    "user_name": "Donald Clark",
    "mobile": "13592137436",
    "money": 54.18,
    "level": 12,
    "birth": "1995-01-17 13:49:12",
    "address": "江苏省 徐州市 泉山区"
  },
  {
    "user_name": "Anthony Robinson",
    "mobile": "18933317016",
    "money": 55.45,
    "level": 86,
    "birth": "1991-03-08 17:34:53",
    "address": "河南省 三门峡市 渑池县"
  },
  {
    "user_name": "Shirley Thomas",
    "mobile": "13562203339",
    "money": 66.53,
    "level": 18,
    "birth": "2008-01-07 21:24:11",
    "address": "江苏省 无锡市 北塘区"
  },
  {
    "user_name": "Elizabeth Anderson",
    "mobile": "13231321365",
    "money": 5.44,
    "level": 74,
    "birth": "2017-10-07 00:43:38",
    "address": "山东省 济宁市 汶上县"
  },
  {
    "user_name": "Daniel Taylor",
    "mobile": "13589652761",
    "money": 47.42,
    "level": 56,
    "birth": "2014-07-12 07:24:26",
    "address": "甘肃省 天水市 武山县"
  },
  {
    "user_name": "Angela Clark",
    "mobile": "13202163839",
    "money": 90.13,
    "level": 109,
    "birth": "2011-08-13 12:02:49",
    "address": "青海省 西宁市 城东区"
  },
  {
    "user_name": "James Anderson",
    "mobile": "13521523644",
    "money": 47.44,
    "level": 52,
    "birth": "2008-03-22 20:14:31",
    "address": "湖北省 孝感市 应城市"
  },
  {
    "user_name": "Betty White",
    "mobile": "13551441565",
    "money": 67.77,
    "level": 52,
    "birth": "1991-06-30 05:57:00",
    "address": "宁夏回族自治区 吴忠市 其它区"
  },
  {
    "user_name": "Ronald Perez",
    "mobile": "13558796772",
    "money": 43.94,
    "level": 2,
    "birth": "2019-12-19 17:28:58",
    "address": "江苏省 常州市 其它区"
  },
  {
    "user_name": "Mary Garcia",
    "mobile": "13231170715",
    "money": 28.38,
    "level": 98,
    "birth": "1981-11-15 19:10:16",
    "address": "海南省 三亚市 -"
  },
  {
    "user_name": "Laura Hernandez",
    "mobile": "13525421630",
    "money": 64.37,
    "level": 97,
    "birth": "1991-12-04 15:20:03",
    "address": "贵州省 铜仁市 其它区"
  },
  {
    "user_name": "Cynthia Martinez",
    "mobile": "13576365282",
    "money": 54.27,
    "level": 50,
    "birth": "2015-08-01 06:08:43",
    "address": "湖北省 随州市 随县"
  },
  {
    "user_name": "Kimberly Brown",
    "mobile": "13254766976",
    "money": 87.82,
    "level": 55,
    "birth": "2022-01-09 03:18:55",
    "address": "澳门特别行政区 澳门半岛 -"
  },
  {
    "user_name": "Eric Thomas",
    "mobile": "13595425622",
    "money": 20.12,
    "level": 73,
    "birth": "2011-11-21 10:07:32",
    "address": "台湾 屏东县 玛家乡"
  },
  {
    "user_name": "Melissa Young",
    "mobile": "13592138221",
    "money": 28.71,
    "level": 108,
    "birth": "2014-05-20 11:37:17",
    "address": "甘肃省 金昌市 其它区"
  },
  {
    "user_name": "Barbara Thomas",
    "mobile": "13293974561",
    "money": 72.78,
    "level": 84,
    "birth": "2017-06-28 19:59:20",
    "address": "浙江省 衢州市 柯城区"
  },
  {
    "user_name": "Helen Allen",
    "mobile": "13563724313",
    "money": 100.34,
    "level": 2,
    "birth": "2022-08-28 19:23:39",
    "address": "甘肃省 兰州市 其它区"
  },
  {
    "user_name": "Margaret Anderson",
    "mobile": "18918173810",
    "money": 17.92,
    "level": 86,
    "birth": "2005-05-18 19:11:46",
    "address": "江苏省 苏州市 吴中区"
  },
  {
    "user_name": "Anthony Clark",
    "mobile": "13284627414",
    "money": 77.23,
    "level": 40,
    "birth": "1998-12-29 09:15:29",
    "address": "北京 北京市 东城区"
  },
  {
    "user_name": "Angela Williams",
    "mobile": "13535457537",
    "money": 39.76,
    "level": 62,
    "birth": "2014-03-09 12:40:07",
    "address": "内蒙古自治区 包头市 石拐区"
  }
]