[
  {
    "name": "Angela Williams",
    "mobile": "18957171425",
    "email": "j.gjylymiej@vyj.org",
    "remark": "vwfwf"
  },
  {
    "name": "Eric Harris",
    "mobile": "18937671224",
    "email": "r.xfrd@lkowyxs.cn",
    "remark": "nlym"
  },
  {
    "name": "Dorothy Garcia",
    "mobile": "13535701965",
    "email": "n.tlrkus@hdnrcqyj.dm",
    "remark": ""
  },
  {
    "name": "Dorothy Jackson",
    "mobile": "13597242812",
    "email": "t.mlgfjrkq@ftwojivv.ge",
    "remark": ""
  },
  {
    "name": "Matthew White",
    "mobile": "13216428170",
    "email": "k.hcoacvwids@ptseov.by",
    "remark": ""
  },
  {
    "name": "Scott Jackson",
    "mobile": "13551168288",
    "email": "y.nzhjpdh@wbw.ie",
    "remark": "wvs"
  },
  {
    "name": "Mary Moore",
    "mobile": "13535734548",
    "email": "s.zhwgb@ootrpqwd.sr",
    "remark": "cljv"
  },
  {
    "name": "Gary Martinez",
    "mobile": "13271347184",
    "email": "z.kwcg@ivbbrnqll.ng",
    "remark": "vot"
  },
  {
    "name": "Betty Rodriguez",
    "mobile": "13576884863",
    "email": "j.vswc@mvmhq.zr",
    "remark": "tizwj"
  },
  {
    "name": "Brenda Rodriguez",
    "mobile": "13502627681",
    "email": "i.tmclwrlsgt@oueownr.tel",
    "remark": "pzcj"
  },
  {
    "name": "Sandra Moore",
    "mobile": "13228741112",
    "email": "n.icgvjaip@jbyxpvf.pw",
    "remark": "uut"
  },
  {
    "name": "Dorothy Martinez",
    "mobile": "13222116076",
    "email": "g.ebzpqe@kuniptq.com.cn",
    "remark": "iyhs"
  },
  {
    "name": "Ruth Lewis",
    "mobile": "13573883313",
    "email": "z.bsbekf@hfeths.vc",
    "remark": "wngf"
  },
  {
    "name": "Shirley Lee",
    "mobile": "13223899366",
    "email": "f.qiy@xvqv.gf",
    "remark": "qxtu"
  },
  {
    "name": "Helen Rodriguez",
    "mobile": "18938563587",
    "email": "r.gqrahq@jpuwy.tel",
    "remark": "giou"
  },
  {
    "name": "George Lewis",
    "mobile": "13585946448",
    "email": "b.bimouuhum@zkbqr.lr",
    "remark": "quk"
  },
  {
    "name": "Mary Robinson",
    "mobile": "18924216981",
    "email": "m.kzlrf@tanab.org.cn",
    "remark": "kqj"
  },
  {
    "name": "Linda Rodriguez",
    "mobile": "18928886555",
    "email": "h.gdwgo@pdgpqts.co",
    "remark": "grnf"
  },
  {
    "name": "Scott Robinson",
    "mobile": "18966557480",
    "email": "d.axqdiu@csrlrxfgn.it",
    "remark": "hcds"
  },
  {
    "name": "Melissa Lee",
    "mobile": "13505155853",
    "email": "k.shdgw@tuszivrnd.ke",
    "remark": "ugcb"
  },
  {
    "name": "Shirley Martinez",
    "mobile": "13554253451",
    "email": "v.jbofp@vogvnr.uy",
    "remark": "dbpb"
  },
  {
    "name": "Robert Thompson",
    "mobile": "13286154496",
    "email": "k.ihqi@tmsizvkyp.sz",
    "remark": "fnccj"
  },
  {
    "name": "Jose Rodriguez",
    "mobile": "18987028649",
    "email": "c.vsgkrvwrh@lqobfkbg.jm",
    "remark": "tusu"
  },
  {
    "name": "Lisa Rodriguez",
    "mobile": "13573401452",
    "email": "h.unssjnctgb@cvpwygv.ad",
    "remark": "ghj"
  },
  {
    "name": "Anthony Rodriguez",
    "mobile": "13272247223",
    "email": "l.uzsiaqiy@hqtsxr.mv",
    "remark": "txvy"
  },
  {
    "name": "Scott Jones",
    "mobile": "18934231115",
    "email": "p.vtj@xdc.cn",
    "remark": "gghg"
  },
  {
    "name": "Kevin Davis",
    "mobile": "13537455648",
    "email": "n.rqhfnl@btcpcxl.mh",
    "remark": "ixli"
  },
  {
    "name": "Laura Taylor",
    "mobile": "13505815640",
    "email": "x.vngwot@tuno.to",
    "remark": "usfd"
  },
  {
    "name": "Donna Lewis",
    "mobile": "13556732935",
    "email": "v.gmk@crivhthrf.ng",
    "remark": "loyd"
  },
  {
    "name": "Frank Jackson",
    "mobile": "13558258241",
    "email": "x.ilatgjk@ntfpsokko.kp",
    "remark": "olkje"
  },
  {
    "name": "Kimberly Rodriguez",
    "mobile": "18963758534",
    "email": "l.pou@utwezx.tc",
    "remark": "deweo"
  },
  {
    "name": "John Clark",
    "mobile": "13289137111",
    "email": "h.udjfveo@zvvl.tm",
    "remark": "jdlj"
  },
  {
    "name": "Matthew Young",
    "mobile": "18968377725",
    "email": "n.okhaic@cnnmp.pr",
    "remark": "swnyn"
  },
  {
    "name": "Michael Lee",
    "mobile": "13534114867",
    "email": "l.juvqrpd@lutna.sn",
    "remark": "dmy"
  },
  {
    "name": "Donald Robinson",
    "mobile": "18952227342",
    "email": "i.qxpomjj@mvcbpy.bv",
    "remark": "rgwc"
  },
  {
    "name": "Margaret Lopez",
    "mobile": "18939344586",
    "email": "l.wjiexcm@nnnbhsfj.travel",
    "remark": "iqmo"
  },
  {
    "name": "Larry Miller",
    "mobile": "13550342225",
    "email": "p.eot@pltajxh.bd",
    "remark": "rderc"
  },
  {
    "name": "David Martinez",
    "mobile": "13540774628",
    "email": "k.sllcsoe@jemdgekr.zr",
    "remark": "ugnjp"
  },
  {
    "name": "Deborah Harris",
    "mobile": "13224837500",
    "email": "b.ujfnibogf@vqlhedxnuf.pl",
    "remark": "ang"
  },
  {
    "name": "Charles Davis",
    "mobile": "13253132246",
    "email": "t.sujkiaokqs@oxnelu.aero",
    "remark": "ihh"
  },
  {
    "name": "Anthony Thompson",
    "mobile": "18938037224",
    "email": "n.fkrxn@gmq.lc",
    "remark": "brrb"
  },
  {
    "name": "Gary Jones",
    "mobile": "13558870925",
    "email": "y.omw@wdxwylq.cv",
    "remark": "vsnd"
  },
  {
    "name": "Melissa White",
    "mobile": "13516331354",
    "email": "j.pzigwnkrp@vvhaci.ls",
    "remark": "wmd"
  },
  {
    "name": "Kevin Young",
    "mobile": "13524037274",
    "email": "m.nxjqyfwt@rujnz.gn",
    "remark": "sdnl"
  },
  {
    "name": "Larry Robinson",
    "mobile": "13557012565",
    "email": "z.stxkwmk@ynehuv.gl",
    "remark": "suybu"
  },
  {
    "name": "Christopher Brown",
    "mobile": "13562275998",
    "email": "j.qqjsxgigo@ecr.中国互联.公司",
    "remark": "hii"
  },
  {
    "name": "Dorothy White",
    "mobile": "13507176613",
    "email": "e.kdkfqjy@ebxlwpe.de",
    "remark": "sxuo"
  },
  {
    "name": "Michelle Moore",
    "mobile": "13246418856",
    "email": "n.mcnaz@vloemgy.nz",
    "remark": "tupp"
  },
  {
    "name": "Donald Perez",
    "mobile": "13543758141",
    "email": "m.sugclkv@ktlnxh.dm",
    "remark": "keb"
  },
  {
    "name": "Angela Gonzalez",
    "mobile": "18916727388",
    "email": "o.wuofyxbqps@sivu.iq",
    "remark": "vjv"
  },
  {
    "name": "Edward Harris",
    "mobile": "13577176785",
    "email": "c.qvm@vasp.ev",
    "remark": "ycbld"
  },
  {
    "name": "Lisa White",
    "mobile": "13580640908",
    "email": "j.hffxhcsr@mirj.ve",
    "remark": "etnoy"
  },
  {
    "name": "Donna Thompson",
    "mobile": "13541431953",
    "email": "m.yajjwh@qewvwlk.ni",
    "remark": "kxvm"
  },
  {
    "name": "Susan Clark",
    "mobile": "13537180491",
    "email": "c.hgcuvpl@dtbejszrgd.bf",
    "remark": "dbf"
  },
  {
    "name": "Scott Thomas",
    "mobile": "13223887342",
    "email": "k.fvfmlxi@hmiqkgoy.net",
    "remark": "mqdc"
  },
  {
    "name": "Ruth Williams",
    "mobile": "13299819131",
    "email": "i.dpwxcflpve@jgpvwtm.fm",
    "remark": "kjwl"
  },
  {
    "name": "Ronald Moore",
    "mobile": "13591158342",
    "email": "x.ebheio@sllxv.dk",
    "remark": "vwx"
  },
  {
    "name": "Steven Johnson",
    "mobile": "13505039879",
    "email": "y.oipcl@fyitx.nt",
    "remark": "wtm"
  },
  {
    "name": "Linda Hernandez",
    "mobile": "13520546492",
    "email": "h.evuccuue@qujlvretuu.fo",
    "remark": "khfd"
  },
  {
    "name": "Gary Hall",
    "mobile": "18931858667",
    "email": "l.aclqaflbyy@bxg.net",
    "remark": "esyy"
  },
  {
    "name": "Margaret Allen",
    "mobile": "13586317699",
    "email": "h.wsuwv@gtvxbgs.nz",
    "remark": "oizyp"
  },
  {
    "name": "Daniel Anderson",
    "mobile": "13582782978",
    "email": "v.gpvz@qvyrfxlk.hr",
    "remark": "irxsq"
  },
  {
    "name": "Deborah Lee",
    "mobile": "13531359281",
    "email": "x.oup@lyqhdv.la",
    "remark": "ecgf"
  },
  {
    "name": "Dorothy Lee",
    "mobile": "13551011203",
    "email": "u.xgu@hlvpukhym.coop",
    "remark": "fdqg"
  },
  {
    "name": "Helen Young",
    "mobile": "18989401437",
    "email": "n.fypcz@gbeuk.mh",
    "remark": "zvkeo"
  },
  {
    "name": "Elizabeth Thompson",
    "mobile": "13212650388",
    "email": "a.wwy@mwewenqjo.kr",
    "remark": "lydo"
  },
  {
    "name": "Kimberly Thompson",
    "mobile": "18908883386",
    "email": "x.qry@rlead.af",
    "remark": "yxy"
  },
  {
    "name": "Linda Wilson",
    "mobile": "13262009385",
    "email": "w.kkwvyfq@brulhm.dk",
    "remark": "jspsi"
  },
  {
    "name": "Elizabeth Rodriguez",
    "mobile": "13573710570",
    "email": "t.gkpwhl@kavudej.lt",
    "remark": "hzqnv"
  },
  {
    "name": "Brian Robinson",
    "mobile": "13284861586",
    "email": "b.ssr@pdlws.sj",
    "remark": "vmmm"
  },
  {
    "name": "Lisa Clark",
    "mobile": "13571871462",
    "email": "d.enkvuomhc@tzsfxvcv.tc",
    "remark": "jmuqp"
  },
  {
    "name": "Joseph Jackson",
    "mobile": "18904587426",
    "email": "n.ffyfkcynn@hwmioe.hm",
    "remark": "zpc"
  },
  {
    "name": "Thomas Young",
    "mobile": "13234641839",
    "email": "g.qsvsy@chgnygo.lr",
    "remark": "ofbeo"
  },
  {
    "name": "Jose Walker",
    "mobile": "13231819687",
    "email": "f.jubrw@nzdtequo.et",
    "remark": "ondqp"
  },
  {
    "name": "Susan Brown",
    "mobile": "13561587567",
    "email": "v.ybyw@dgoszctqs.gl",
    "remark": "lxo"
  },
  {
    "name": "Joseph Taylor",
    "mobile": "13568770673",
    "email": "j.diwhbs@lyqmk.bm",
    "remark": "nan"
  },
  {
    "name": "Laura Robinson",
    "mobile": "13211286853",
    "email": "s.nfx@vdnyeaacgt.mobi",
    "remark": "gexcv"
  },
  {
    "name": "Kevin Jones",
    "mobile": "18922694582",
    "email": "e.bydarxlk@dhslebcxi.kz",
    "remark": "fdgse"
  },
  {
    "name": "Angela Rodriguez",
    "mobile": "13560358146",
    "email": "z.gtsjit@idm.ug",
    "remark": "podnk"
  },
  {
    "name": "Maria Anderson",
    "mobile": "18991154018",
    "email": "c.qeyfoyhn@kvpryfrkl.td",
    "remark": "ieyps"
  },
  {
    "name": "Ruth Lee",
    "mobile": "13587243863",
    "email": "c.wukc@xornvh.is",
    "remark": "afgef"
  },
  {
    "name": "Paul Smith",
    "mobile": "13505174413",
    "email": "k.oqictcrir@clsh.tr",
    "remark": "xzubt"
  },
  {
    "name": "James Jones",
    "mobile": "13542411253",
    "email": "q.cnj@vbcdjbpa.kh",
    "remark": "etgqs"
  },
  {
    "name": "George Taylor",
    "mobile": "18931889295",
    "email": "m.cgxng@shxzk.cn",
    "remark": "sredg"
  },
  {
    "name": "Daniel Thomas",
    "mobile": "13563367264",
    "email": "o.oubvwlrie@kevgeu.ug",
    "remark": "blsi"
  },
  {
    "name": "Susan Hall",
    "mobile": "18959870114",
    "email": "c.svkifwft@mylkjnc.th",
    "remark": "niwwp"
  },
  {
    "name": "Richard Lee",
    "mobile": "13501734650",
    "email": "f.tdwdlkniy@eekcvcxgn.pg",
    "remark": "juvw"
  },
  {
    "name": "James Jackson",
    "mobile": "18944518573",
    "email": "d.bksoq@mgawfg.kz",
    "remark": "igg"
  },
  {
    "name": "Jeffrey Hernandez",
    "mobile": "13558725916",
    "email": "w.ujsebfc@emuqri.md",
    "remark": "kst"
  },
  {
    "name": "Donna Rodriguez",
    "mobile": "13526589717",
    "email": "e.ktchs@psusvkne.fk",
    "remark": "bcynp"
  },
  {
    "name": "Donald Lewis",
    "mobile": "13527256901",
    "email": "r.nishzyxb@xxsnto.info",
    "remark": "vmcf"
  },
  {
    "name": "Lisa Brown",
    "mobile": "18954197651",
    "email": "c.nfylk@ffjqrody.li",
    "remark": "kmsi"
  },
  {
    "name": "Larry Miller",
    "mobile": "18924261636",
    "email": "c.umgistx@vdvn.ca",
    "remark": "jtfh"
  },
  {
    "name": "Jose Lopez",
    "mobile": "18958776128",
    "email": "j.glsqvkcpwl@ced.bz",
    "remark": "iffp"
  },
  {
    "name": "Joseph Allen",
    "mobile": "13288628431",
    "email": "u.vxdsxay@nemws.tw",
    "remark": "esdmx"
  },
  {
    "name": "Larry Davis",
    "mobile": "13292220401",
    "email": "g.wgi@fyzfub.ug",
    "remark": "uwj"
  },
  {
    "name": "Anthony Rodriguez",
    "mobile": "13277450511",
    "email": "s.dspgkwniu@oqgn.id",
    "remark": "qhdcd"
  },
  {
    "name": "Eric Lewis",
    "mobile": "13522943707",
    "email": "r.lqk@fffect.jm",
    "remark": "ube"
  },
  {
    "name": "Cynthia Anderson",
    "mobile": "13557303691",
    "email": "d.kegnvnil@nixstvei.us",
    "remark": "owgc"
  },
  {
    "name": "Ronald Lopez",
    "mobile": "13243634091",
    "email": "i.kbiwu@trhypha.ae",
    "remark": "uloy"
  }
]
